date,page
2002-02-25,822
2002-02-26,6
2002-02-27,7
2002-02-28,7
2002-03-01,4
2002-03-02,4
2002-03-04,5
2002-03-05,3
2002-03-06,12
2002-03-07,8
2002-03-08,6
2002-03-09,2
2002-03-10,7
2002-03-11,5
2002-03-12,9
2002-03-13,5
2002-03-14,8
2002-03-15,2
2002-03-16,3
2002-03-17,5
2002-03-18,6
2002-03-19,6
2002-03-20,2
2002-03-21,7
2002-03-22,6
2002-03-23,14
2002-03-24,8
2002-03-25,5
2002-03-26,7
2002-03-27,5
2002-03-28,2
2002-03-29,14
2002-03-30,8
2002-03-31,10
2002-04-01,11
2002-04-02,9
2002-04-03,7
2002-04-04,8
2002-04-05,10
2002-04-06,19
2002-04-07,8
2002-04-08,6
2002-04-09,7
2002-04-10,6
2002-04-11,4
2002-04-12,4
2002-04-13,4
2002-04-14,5
2002-04-15,6
2002-04-16,6
2002-04-17,11
2002-04-18,5
2002-04-19,7
2002-04-20,7
2002-04-21,7
2002-04-22,5
2002-04-23,11
2002-04-24,2
2002-04-25,7
2002-04-26,2
2002-04-27,12
2002-04-28,7
2002-04-29,3
2002-04-30,7
2002-05-01,4
2002-05-02,3
2002-05-03,8
2002-05-04,1
2002-05-05,11
2002-05-06,6
2002-05-07,2
2002-05-08,4
2002-05-09,4
2002-05-10,6
2002-05-11,6
2002-05-12,2
2002-05-13,6
2002-05-14,2
2002-05-15,4
2002-05-16,5
2002-05-17,2
2002-05-18,6
2002-05-19,9
2002-05-20,9
2002-05-21,3
2002-05-22,4
2002-05-23,15
2002-05-24,7
2002-05-25,11
2002-05-26,7
2002-05-27,16
2002-05-28,15
2002-05-29,25
2002-05-30,4
2002-05-31,12
2002-06-01,19
2002-06-02,7
2002-06-04,5
2002-06-05,8
2002-06-06,19
2002-06-07,7
2002-06-08,17
2002-06-09,16
2002-06-10,29
2002-06-11,12
2002-06-12,23
2002-06-13,63
2002-06-14,49
2002-06-15,106
2002-06-16,15
2002-06-17,14
2002-06-18,16
2002-06-19,7
2002-06-20,14
2002-06-21,12
2002-06-22,18
2002-06-23,9
2002-06-24,12
2002-06-25,12
2002-06-26,9
2002-06-27,11
2002-06-29,3
2002-06-30,2
2002-07-01,2
2002-07-02,12
2002-07-03,18
2002-07-04,9
2002-07-05,43
2002-07-06,9
2002-07-07,5
2002-07-08,13
2002-07-09,3
2002-07-10,30
2002-07-11,40
2002-07-12,5
2002-07-13,9
2002-07-14,6
2002-07-15,15
2002-07-16,16
2002-07-17,7
2002-07-18,16
2002-07-19,14
2002-07-20,3
2002-07-21,20
2002-07-22,13
2002-07-23,9
2002-07-24,17
2002-07-25,33
2002-07-26,25
2002-07-27,39
2002-07-28,12
2002-07-29,15
2002-07-30,31
2002-07-31,12
2002-08-01,28
2002-08-02,36
2002-08-03,47
2002-08-04,50
2002-08-05,53
2002-08-06,23
2002-08-07,31
2002-08-08,25
2002-08-09,47
2002-08-10,16
2002-08-11,8
2002-08-12,28
2002-08-13,15
2002-08-14,23
2002-08-15,30
2002-08-16,42
2002-08-17,13
2002-08-18,18
2002-08-19,12
2002-08-20,191
2002-08-21,34
2002-08-22,82
2002-08-23,44
2002-08-24,40
2002-08-25,20
2002-08-26,16
2002-08-27,62
2002-08-28,76
2002-08-29,38
2002-08-30,83
2002-08-31,117
2002-09-01,79
2002-09-02,32
2002-09-03,24
2002-09-04,49
2002-09-05,29
2002-09-06,53
2002-09-07,34
2002-09-08,28
2002-09-09,36
2002-09-10,55
2002-09-11,109
2002-09-12,32
2002-09-13,45
2002-09-14,33
2002-09-15,40
2002-09-16,77
2002-09-17,33
2002-09-18,22
2002-09-19,48
2002-09-20,26
2002-09-21,30
2002-09-22,46
2002-09-23,39
2002-09-24,102
2002-09-25,17
2002-09-26,31
2002-09-27,69
2002-09-28,146
2002-09-29,54
2002-09-30,57
2002-10-01,67
2002-10-02,51
2002-10-03,72
2002-10-04,56
2002-10-05,24
2002-10-06,35
2002-10-07,55
2002-10-08,32
2002-10-09,29
2002-10-10,100
2002-10-11,33
2002-10-12,59
2002-10-13,113
2002-10-14,23
2002-10-15,30
2002-10-16,15
2002-10-17,27
2002-10-18,29
2002-10-19,22
2002-10-20,27
2002-10-21,231
2002-10-22,47
2002-10-23,33
2002-10-24,17
2002-10-25,23
2002-10-26,20
2002-10-27,11
2002-10-28,19
2002-10-29,21
2002-10-30,17
2002-10-31,34
2002-11-01,10
2002-11-02,26
2002-11-03,34
2002-11-04,35
2002-11-05,22
2002-11-06,18
2002-11-07,37
2002-11-08,23
2002-11-09,30
2002-11-10,13
2002-11-11,11
2002-11-12,26
2002-11-13,16
2002-11-14,18
2002-11-15,32
2002-11-16,19
2002-11-17,35
2002-11-18,60
2002-11-19,36
2002-11-20,23
2002-11-21,11
2002-11-22,21
2002-11-23,31
2002-11-24,18
2002-11-25,26
2002-11-26,41
2002-11-27,24
2002-11-28,22
2002-11-29,25
2002-11-30,28
2002-12-01,44
2002-12-02,17
2002-12-03,11
2002-12-04,30
2002-12-05,16
2002-12-06,26
2002-12-07,30
2002-12-08,15
2002-12-09,29
2002-12-10,24
2002-12-11,33
2002-12-12,17
2002-12-13,27
2002-12-14,16
2002-12-15,23
2002-12-16,19
2002-12-17,25
2002-12-18,22
2002-12-19,28
2002-12-20,15
2002-12-21,23
2002-12-22,18
2002-12-23,41
2002-12-24,20
2002-12-25,8
2002-12-26,22
2002-12-27,21
2002-12-28,24
2002-12-29,48
2002-12-30,31
2002-12-31,18
2003-01-01,7
2003-01-02,67
2003-01-03,46
2003-01-04,31
2003-01-05,32
2003-01-06,45
2003-01-07,47
2003-01-08,36
2003-01-09,43
2003-01-10,42
2003-01-11,24
2003-01-12,25
2003-01-13,26
2003-01-14,29
2003-01-15,31
2003-01-16,36
2003-01-17,31
2003-01-18,21
2003-01-19,58
2003-01-20,64
2003-01-21,37
2003-01-22,59
2003-01-23,50
2003-01-24,44
2003-01-25,30
2003-01-26,44
2003-01-27,41
2003-01-28,32
2003-01-29,41
2003-01-30,32
2003-01-31,52
2003-02-01,28
2003-02-02,60
2003-02-03,19
2003-02-04,19
2003-02-05,38
2003-02-06,46
2003-02-07,27
2003-02-08,49
2003-02-09,45
2003-02-10,24
2003-02-11,69
2003-02-12,39
2003-02-13,43
2003-02-14,52
2003-02-15,22
2003-02-16,59
2003-02-17,56
2003-02-18,46
2003-02-19,39
2003-02-20,72
2003-02-21,51
2003-02-22,52
2003-02-23,62
2003-02-24,28
2003-02-25,50
2003-02-26,42
2003-02-27,23
2003-02-28,35
2003-03-01,90
2003-03-02,323
2003-03-03,27
2003-03-04,46
2003-03-05,51
2003-03-06,35
2003-03-07,33
2003-03-08,48
2003-03-09,49
2003-03-10,27
2003-03-11,15
2003-03-12,39
2003-03-13,36
2003-03-14,50
2003-03-15,47
2003-03-16,51
2003-03-17,36
2003-03-18,37
2003-03-19,42
2003-03-20,34
2003-03-21,21
2003-03-22,34
2003-03-23,42
2003-03-24,49
2003-03-25,32
2003-03-26,29
2003-03-27,35
2003-03-28,26
2003-03-29,310
2003-03-30,27
2003-03-31,31
2003-04-01,36
2003-04-02,72
2003-04-03,124
2003-04-04,33
2003-04-05,10
2003-04-06,29
2003-04-07,41
2003-04-08,37
2003-04-09,33
2003-04-10,41
2003-04-11,79
2003-04-12,75
2003-04-13,66
2003-04-14,52
2003-04-15,53
2003-04-16,57
2003-04-17,46
2003-04-18,38
2003-04-19,40
2003-04-20,36
2003-04-21,64
2003-04-22,35
2003-04-23,45
2003-04-24,38
2003-04-25,57
2003-04-26,78
2003-04-27,49
2003-04-28,42
2003-04-29,39
2003-04-30,36
2003-05-01,50
2003-05-02,46
2003-05-03,50
2003-05-04,71
2003-05-05,35
2003-05-06,37
2003-05-07,60
2003-05-08,45
2003-05-09,32
2003-05-10,50
2003-05-11,68
2003-05-12,39
2003-05-13,42
2003-05-14,57
2003-05-15,71
2003-05-16,79
2003-05-17,39
2003-05-18,52
2003-05-19,43
2003-05-20,55
2003-05-21,65
2003-05-22,99
2003-05-23,75
2003-05-24,78
2003-05-25,87
2003-05-26,59
2003-05-27,69
2003-05-28,80
2003-05-29,76
2003-05-30,62
2003-05-31,93
2003-06-01,41
2003-06-02,43
2003-06-03,42
2003-06-04,36
2003-06-05,41
2003-06-06,78
2003-06-07,78
2003-06-08,58
2003-06-09,54
2003-06-10,74
2003-06-11,62
2003-06-12,42
2003-06-13,98
2003-06-14,78
2003-06-15,60
2003-06-16,73
2003-06-17,62
2003-06-18,81
2003-06-19,98
2003-06-20,65
2003-06-21,37
2003-06-22,41
2003-06-23,54
2003-06-24,56
2003-06-25,55
2003-06-26,67
2003-06-27,45
2003-06-28,89
2003-06-29,53
2003-06-30,75
2003-07-01,59
2003-07-02,60
2003-07-03,51
2003-07-04,828
2003-07-05,49
2003-07-06,67
2003-07-07,50
2003-07-08,97
2003-07-09,46
2003-07-10,90
2003-07-11,61
2003-07-12,70
2003-07-13,83
2003-07-14,98
2003-07-15,132
2003-07-16,131
2003-07-17,50
2003-07-18,70
2003-07-19,70
2003-07-20,62
2003-07-21,91
2003-07-22,76
2003-07-23,64
2003-07-24,75
2003-07-25,58
2003-07-26,78
2003-07-27,70
2003-07-28,53
2003-07-29,53
2003-07-30,52
2003-07-31,62
2003-08-01,83
2003-08-02,62
2003-08-03,82
2003-08-04,78
2003-08-05,173
2003-08-06,77
2003-08-07,71
2003-08-08,107
2003-08-09,80
2003-08-10,66
2003-08-11,54
2003-08-12,83
2003-08-13,72
2003-08-14,79
2003-08-15,91
2003-08-16,52
2003-08-17,58
2003-08-18,82
2003-08-19,79
2003-08-20,104
2003-08-21,103
2003-08-22,93
2003-08-23,66
2003-08-24,93
2003-08-25,84
2003-08-26,72
2003-08-27,114
2003-08-28,56
2003-08-29,80
2003-08-30,87
2003-08-31,98
2003-09-01,92
2003-09-02,75
2003-09-03,99
2003-09-04,63
2003-09-05,51
2003-09-06,52
2003-09-07,71
2003-09-08,120
2003-09-09,46
2003-09-10,63
2003-09-11,61
2003-09-12,90
2003-09-13,70
2003-09-14,78
2003-09-15,53
2003-09-16,87
2003-09-17,82
2003-09-18,77
2003-09-19,93
2003-09-20,93
2003-09-21,191
2003-09-22,53
2003-09-23,46
2003-09-24,59
2003-09-25,104
2003-09-26,78
2003-09-27,120
2003-09-28,126
2003-09-29,100
2003-09-30,161
2003-10-01,79
2003-10-02,68
2003-10-03,117
2003-10-04,76
2003-10-05,50
2003-10-06,62
2003-10-07,91
2003-10-08,64
2003-10-09,64
2003-10-10,102
2003-10-11,60
2003-10-12,81
2003-10-13,46
2003-10-14,43
2003-10-15,77
2003-10-16,62
2003-10-17,85
2003-10-18,114
2003-10-19,75
2003-10-20,86
2003-10-21,94
2003-10-22,76
2003-10-23,62
2003-10-24,83
2003-10-25,125
2003-10-26,98
2003-10-27,67
2003-10-28,60
2003-10-29,79
2003-10-30,88
2003-10-31,101
2003-11-01,68
2003-11-02,63
2003-11-03,77
2003-11-04,107
2003-11-05,78
2003-11-06,154
2003-11-07,130
2003-11-08,220
2003-11-09,234
2003-11-10,79
2003-11-11,139
2003-11-12,121
2003-11-13,73
2003-11-14,109
2003-11-15,139
2003-11-16,256
2003-11-17,173
2003-11-18,115
2003-11-19,101
2003-11-20,121
2003-11-21,114
2003-11-22,162
2003-11-23,202
2003-11-24,125
2003-11-25,137
2003-11-26,131
2003-11-27,79
2003-11-28,120
2003-11-29,84
2003-11-30,100
2003-12-01,121
2003-12-02,107
2003-12-03,91
2003-12-04,105
2003-12-05,117
2003-12-06,118
2003-12-07,168
2003-12-08,187
2003-12-09,145
2003-12-10,220
2003-12-11,137
2003-12-12,197
2003-12-13,160
2003-12-14,164
2003-12-15,204
2003-12-16,177
2003-12-17,138
2003-12-18,133
2003-12-19,125
2003-12-20,117
2003-12-21,131
2003-12-22,84
2003-12-23,133
2003-12-24,131
2003-12-25,47
2003-12-26,54
2003-12-27,176
2003-12-28,20
2003-12-30,146
2003-12-31,167
2004-01-01,117
2004-01-02,66
2004-01-03,143
2004-01-04,188
2004-01-05,156
2004-01-06,104
2004-01-07,159
2004-01-08,135
2004-01-09,109
2004-01-10,131
2004-01-11,165
2004-01-12,119
2004-01-13,114
2004-01-14,116
2004-01-15,141
2004-01-16,82
2004-01-17,87
2004-01-18,129
2004-01-19,81
2004-01-20,92
2004-01-21,174
2004-01-22,101
2004-01-23,69
2004-01-24,104
2004-01-25,145
2004-01-26,109
2004-01-27,151
2004-01-28,116
2004-01-29,112
2004-01-30,153
2004-01-31,135
2004-02-01,189
2004-02-02,113
2004-02-03,204
2004-02-04,138
2004-02-05,124
2004-02-06,164
2004-02-07,146
2004-02-08,166
2004-02-09,156
2004-02-10,157
2004-02-11,155
2004-02-12,147
2004-02-13,153
2004-02-14,244
2004-02-15,218
2004-02-16,163
2004-02-17,157
2004-02-18,147
2004-02-19,203
2004-02-20,328
2004-02-21,599
2004-02-22,406
2004-02-23,192
2004-02-24,212
2004-02-25,204
2004-02-26,145
2004-02-27,166
2004-02-28,185
2004-02-29,221
2004-03-01,172
2004-03-02,620
2004-03-03,301
2004-03-04,184
2004-03-05,649
2004-03-06,486
2004-03-07,421
2004-03-08,331
2004-03-09,374
2004-03-10,336
2004-03-11,314
2004-03-12,293
2004-03-13,298
2004-03-14,307
2004-03-15,800
2004-03-16,281
2004-03-17,257
2004-03-18,645
2004-03-19,358
2004-03-20,314
2004-03-21,532
2004-03-22,290
2004-03-23,419
2004-03-24,341
2004-03-25,504
2004-03-26,401
2004-03-27,282
2004-03-28,282
2004-03-29,283
2004-03-30,335
2004-03-31,334
2004-04-01,283
2004-04-02,257
2004-04-03,212
2004-04-04,287
2004-04-05,199
2004-04-06,266
2004-04-07,220
2004-04-08,243
2004-04-09,303
2004-04-10,416
2004-04-11,289
2004-04-12,323
2004-04-13,221
2004-04-14,197
2004-04-15,264
2004-04-16,232
2004-04-17,199
2004-04-18,335
2004-04-19,305
2004-04-20,225
2004-04-21,175
2004-04-22,220
2004-04-23,218
2004-04-24,216
2004-04-25,217
2004-04-26,280
2004-04-27,187
2004-04-28,199
2004-04-29,177
2004-04-30,225
2004-05-01,278
2004-05-02,265
2004-05-03,276
2004-05-04,325
2004-05-05,213
2004-05-06,195
2004-05-07,206
2004-05-08,223
2004-05-09,188
2004-05-10,232
2004-05-11,218
2004-05-12,198
2004-05-13,208
2004-05-14,219
2004-05-15,290
2004-05-16,280
2004-05-17,252
2004-05-18,252
2004-05-19,312
2004-05-20,246
2004-05-21,236
2004-05-22,439
2004-05-23,378
2004-05-24,227
2004-05-25,227
2004-05-26,237
2004-05-27,307
2004-05-28,330
2004-05-29,128
2004-05-30,247
2004-05-31,237
2004-06-01,281
2004-06-02,199
2004-06-03,273
2004-06-04,1468
2004-06-05,210
2004-06-06,130
2004-06-08,231
2004-06-09,188
2004-06-10,252
2004-06-11,360
2004-06-12,383
2004-06-13,188
2004-06-14,217
2004-06-15,296
2004-06-16,225
2004-06-17,267
2004-06-18,212
2004-06-19,155
2004-06-20,314
2004-06-21,298
2004-06-22,427
2004-06-23,555
2004-06-24,818
2004-06-25,288
2004-06-26,345
2004-06-27,395
2004-06-28,441
2004-06-29,363
2004-06-30,242
2004-07-01,425
2004-07-02,399
2004-07-03,1369
2004-07-04,1389
2004-07-05,2194
2004-07-06,2038
2004-07-07,2394
2004-07-08,222
2004-07-09,1415
2004-07-10,537
2004-07-11,1974
2004-07-12,2266
2004-07-13,2944
2004-07-14,3489
2004-07-15,279
2004-07-16,3438
2004-07-17,2216
2004-07-18,301
2004-07-19,249
2004-07-20,277
2004-07-21,313
2004-07-22,315
2004-07-23,277
2004-07-24,247
2004-07-25,326
2004-07-26,291
2004-07-27,254
2004-07-28,228
2004-07-29,228
2004-07-30,351
2004-07-31,283
2004-08-01,202
2004-08-02,272
2004-08-03,237
2004-08-04,214
2004-08-05,244
2004-08-06,482
2004-08-07,371
2004-08-08,277
2004-08-09,323
2004-08-10,317
2004-08-11,351
2004-08-12,368
2004-08-13,355
2004-08-14,265
2004-08-15,258
2004-08-16,316
2004-08-17,321
2004-08-18,280
2004-08-19,377
2004-08-20,389
2004-08-21,440
2004-08-22,403
2004-08-23,461
2004-08-24,394
2004-08-25,370
2004-08-26,313
2004-08-27,380
2004-08-28,230
2004-08-29,319
2004-08-30,302
2004-08-31,623
2004-09-01,310
2004-09-02,348
2004-09-03,364
2004-09-04,352
2004-09-05,310
2004-09-06,326
2004-09-07,450
2004-09-08,330
2004-09-09,260
2004-09-10,302
2004-09-11,302
2004-09-12,293
2004-09-13,332
2004-09-14,420
2004-09-15,333
2004-09-16,309
2004-09-17,340
2004-09-18,342
2004-09-19,300
2004-09-20,556
2004-09-21,486
2004-09-22,360
2004-09-23,359
2004-09-24,276
2004-09-25,324
2004-09-26,361
2004-09-27,320
2004-09-28,291
2004-09-29,239
2004-09-30,306
2004-10-01,261
2004-10-02,275
2004-10-03,296
2004-10-04,330
2004-10-05,274
2004-10-06,311
2004-10-07,297
2004-10-08,355
2004-10-09,432
2004-10-10,395
2004-10-11,419
2004-10-12,456
2004-10-13,457
2004-10-14,374
2004-10-15,396
2004-10-16,359
2004-10-17,362
2004-10-18,339
2004-10-19,392
2004-10-20,362
2004-10-21,341
2004-10-22,337
2004-10-23,569
2004-10-24,429
2004-10-25,607
2004-10-26,424
2004-10-27,409
2004-10-28,382
2004-10-29,332
2004-10-30,245
2004-10-31,312
2004-11-01,285
2004-11-02,257
2004-11-03,253
2004-11-04,423
2004-11-05,336
2004-11-06,316
2004-11-07,335
2004-11-08,461
2004-11-09,509
2004-11-10,399
2004-11-11,415
2004-11-12,458
2004-11-13,427
2004-11-14,412
2004-11-15,479
2004-11-16,509
2004-11-17,396
2004-11-18,562
2004-11-19,406
2004-11-20,431
2004-11-21,344
2004-11-22,421
2004-11-23,426
2004-11-24,428
2004-11-25,415
2004-11-26,369
2004-11-27,375
2004-11-28,408
2004-11-29,542
2004-11-30,551
2004-12-01,383
2004-12-02,444
2004-12-03,526
2004-12-04,459
2004-12-05,565
2004-12-06,526
2004-12-07,433
2004-12-08,354
2004-12-09,464
2004-12-10,482
2004-12-11,490
2004-12-12,336
2004-12-13,498
2004-12-14,578
2004-12-15,741
2004-12-16,713
2004-12-17,1135
2004-12-18,2217
2004-12-19,354
2004-12-20,527
2004-12-21,1536
2004-12-22,957
2004-12-23,1312
2004-12-24,1944
2004-12-25,375
2004-12-26,453
2004-12-27,1384
2004-12-28,561
2004-12-29,368
2004-12-30,371
2004-12-31,391
2005-01-01,357
2005-01-02,381
2005-01-03,374
2005-01-04,262
2005-01-05,309
2005-01-06,289
2005-01-07,364
2005-01-08,268
2005-01-09,366
2005-01-10,392
2005-01-11,444
2005-01-12,335
2005-01-13,312
2005-01-14,396
2005-01-15,296
2005-01-16,249
2005-01-17,295
2005-01-18,311
2005-01-19,338
2005-01-20,333
2005-01-21,425
2005-01-22,405
2005-01-23,335
2005-01-24,442
2005-01-25,401
2005-01-26,494
2005-01-27,398
2005-01-28,428
2005-01-29,328
2005-01-30,402
2005-01-31,447
2005-02-01,394
2005-02-02,345
2005-02-03,332
2005-02-04,378
2005-02-05,368
2005-02-06,387
2005-02-07,428
2005-02-08,381
2005-02-09,390
2005-02-10,456
2005-02-11,333
2005-02-12,317
2005-02-13,415
2005-02-14,391
2005-02-15,478
2005-02-16,464
2005-02-17,379
2005-02-18,446
2005-02-19,526
2005-02-20,464
2005-02-21,339
2005-02-22,12
2005-02-23,259
2005-02-24,175
2005-02-25,314
2005-02-26,340
2005-02-27,412
2005-02-28,415
2005-03-01,404
2005-03-02,386
2005-03-03,477
2005-03-04,406
2005-03-05,424
2005-03-06,348
2005-03-07,375
2005-03-08,416
2005-03-09,514
2005-03-10,482
2005-03-11,492
2005-03-12,652
2005-03-13,775
2005-03-14,544
2005-03-15,381
2005-03-16,386
2005-03-17,403
2005-03-18,547
2005-03-19,500
2005-03-20,600
2005-03-21,620
2005-03-22,469
2005-03-23,501
2005-03-24,499
2005-03-25,568
2005-03-26,510
2005-03-27,524
2005-03-28,577
2005-03-29,670
2005-03-30,619
2005-03-31,511
2005-04-01,516
2005-04-02,646
2005-04-03,627
2005-04-04,707
2005-04-05,621
2005-04-06,561
2005-04-07,495
2005-04-08,543
2005-04-09,617
2005-04-10,648
2005-04-11,610
2005-04-12,594
2005-04-13,1933
2005-04-14,840
2005-04-15,1026
2005-04-16,535
2005-04-17,540
2005-04-18,555
2005-04-19,590
2005-04-20,557
2005-04-21,989
2005-04-22,577
2005-04-23,1072
2005-04-24,643
2005-04-25,624
2005-04-26,692
2005-04-27,681
2005-04-28,884
2005-04-29,706
2005-04-30,627
2005-05-01,931
2005-05-02,638
2005-05-03,790
2005-05-04,1109
2005-05-05,621
2005-05-06,586
2005-05-07,622
2005-05-08,461
2005-05-09,526
2005-05-10,642
2005-05-11,651
2005-05-12,900
2005-05-13,639
2005-05-14,484
2005-05-15,597
2005-05-16,774
2005-05-17,563
2005-05-18,582
2005-05-19,841
2005-05-20,887
2005-05-21,631
2005-05-22,550
2005-05-23,572
2005-05-24,607
2005-05-25,611
2005-05-26,699
2005-05-27,721
2005-05-28,625
2005-05-29,580
2005-05-30,796
2005-05-31,531
2005-06-01,750
2005-06-02,833
2005-06-03,1011
2005-06-04,923
2005-06-05,1282
2005-06-06,993
2005-06-07,477
2005-06-08,636
2005-06-09,646
2005-06-10,684
2005-06-11,635
2005-06-12,1497
2005-06-13,1884
2005-06-14,1793
2005-06-15,1180
2005-06-16,732
2005-06-17,825
2005-06-18,575
2005-06-19,861
2005-06-20,781
2005-06-21,887
2005-06-22,830
2005-06-23,924
2005-06-24,1016
2005-06-25,953
2005-06-26,904
2005-06-27,144
2005-06-28,1119
2005-06-29,1150
2005-06-30,838
2005-07-01,768
2005-07-02,723
2005-07-03,681
2005-07-04,806
2005-07-05,713
2005-07-06,756
2005-07-07,775
2005-07-08,794
2005-07-09,813
2005-07-10,758
2005-07-11,922
2005-07-12,918
2005-07-13,963
2005-07-14,977
2005-07-15,1141
2005-07-16,1100
2005-07-17,943
2005-07-18,1186
2005-07-19,1748
2005-07-20,1016
2005-07-21,868
2005-07-22,980
2005-07-23,803
2005-07-24,625
2005-07-25,849
2005-07-26,983
2005-07-27,1068
2005-07-28,1039
2005-07-29,952
2005-07-30,913
2005-07-31,767
2005-08-01,960
2005-08-02,865
2005-08-03,1132
2005-08-04,937
2005-08-05,1004
2005-08-06,847
2005-08-07,1105
2005-08-08,1142
2005-08-09,1301
2005-08-10,1175
2005-08-11,1243
2005-08-12,1114
2005-08-13,933
2005-08-14,923
2005-08-15,945
2005-08-16,993
2005-08-17,1041
2005-08-18,976
2005-08-19,935
2005-08-20,921
2005-08-21,1086
2005-08-22,1064
2005-08-23,1094
2005-08-24,1110
2005-08-25,1052
2005-08-26,937
2005-08-27,932
2005-08-28,927
2005-08-29,1101
2005-08-30,1003
2005-08-31,924
2005-09-01,870
2005-09-02,941
2005-09-03,849
2005-09-04,1096
2005-09-05,1033
2005-09-06,1001
2005-09-07,917
2005-09-08,1122
2005-09-09,875
2005-09-10,776
2005-09-11,848
2005-09-12,804
2005-09-13,806
2005-09-14,813
2005-09-15,929
2005-09-16,951
2005-09-17,892
2005-09-18,986
2005-09-19,1685
2005-09-20,4267
2005-09-21,1289
2005-09-22,806
2005-09-23,1081
2005-09-24,3449
2005-09-25,5650
2005-09-26,3404
2005-09-27,2777
2005-09-28,1906
2005-09-29,2292
2005-09-30,1249
2005-10-01,1544
2005-10-02,2816
2005-10-03,1143
2005-10-04,968
2005-10-05,1037
2005-10-06,1063
2005-10-07,1060
2005-10-08,955
2005-10-09,801
2005-10-10,993
2005-10-11,974
2005-10-12,1006
2005-10-13,997
2005-10-14,1034
2005-10-15,1215
2005-10-16,1285
2005-10-17,1204
2005-10-18,1316
2005-10-19,2438
2005-10-20,1458
2005-10-21,2400
2005-10-22,1845
2005-10-23,1290
2005-10-24,1167
2005-10-25,1294
2005-10-26,1568
2005-10-27,1527
2005-10-28,1310
2005-10-29,1149
2005-10-30,1241
2005-10-31,1238
2005-11-01,1515
2005-11-02,1105
2005-11-03,1466
2005-11-04,1767
2005-11-05,1131
2005-11-06,1253
2005-11-07,1780
2005-11-08,2300
2005-11-09,1410
2005-11-10,1322
2005-11-11,1299
2005-11-12,1187
2005-11-13,1198
2005-11-14,1172
2005-11-15,1786
2005-11-16,1174
2005-11-17,1133
2005-11-18,982
2005-11-19,1123
2005-11-20,979
2005-11-21,818
2005-11-22,973
2005-11-23,978
2005-11-24,1038
2005-11-25,910
2005-11-26,1063
2005-11-27,1552
2005-11-28,1653
2005-11-29,1484
2005-11-30,1139
2005-12-01,1119
2005-12-02,1218
2005-12-03,1190
2005-12-04,1283
2005-12-05,1525
2005-12-06,1635
2005-12-07,1475
2005-12-08,2142
2005-12-09,1663
2005-12-10,1705
2005-12-11,1586
2005-12-12,2262
2005-12-13,1913
2005-12-14,1960
2005-12-15,2041
2005-12-16,2073
2005-12-17,1539
2005-12-18,1669
2005-12-19,2118
2005-12-20,1826
2005-12-21,1799
2005-12-22,1898
2005-12-23,1489
2005-12-24,1251
2005-12-25,1159
2005-12-26,1467
2005-12-27,1812
2005-12-28,1906
2005-12-29,1918
2005-12-30,2628
2005-12-31,1723
2006-01-01,1452
2006-01-02,1692
2006-01-03,1778
2006-01-04,2027
2006-01-05,2017
2006-01-06,2746
2006-01-07,1911
2006-01-08,2156
2006-01-09,1731
2006-01-10,2134
2006-01-11,2378
2006-01-12,1837
2006-01-13,2075
2006-01-14,2084
2006-01-15,2017
2006-01-16,2039
2006-01-17,2387
2006-01-18,2215
2006-01-19,2024
2006-01-20,2373
2006-01-21,2009
2006-01-22,2507
2006-01-23,2105
2006-01-24,1859
2006-01-25,2376
2006-01-26,2003
2006-01-27,2113
2006-01-28,2287
2006-01-29,2210
2006-01-30,3026
2006-01-31,2600
2006-02-01,3141
2006-02-02,2632
2006-02-03,2525
2006-02-04,2166
2006-02-05,2318
2006-02-06,2118
2006-02-07,2340
2006-02-08,2665
2006-02-09,2358
2006-02-10,2236
2006-02-11,2205
2006-02-12,2712
2006-02-13,1668
2006-02-14,2633
2006-02-15,2258
2006-02-16,2472
2006-02-17,1711
2006-02-18,2171
2006-02-19,2799
2006-02-20,2529
2006-02-21,2040
2006-02-22,2569
2006-02-23,4767
2006-02-24,5783
2006-02-25,8363
2006-02-26,4057
2006-02-27,3478
2006-02-28,3097
2006-03-01,2818
2006-03-02,4520
2006-03-03,3394
2006-03-04,3396
2006-03-05,3272
2006-03-06,3131
2006-03-07,2890
2006-03-08,2874
2006-03-09,3024
2006-03-10,3255
2006-03-11,2462
2006-03-12,2558
2006-03-13,2027
2006-03-14,4017
2006-03-15,2431
2006-03-16,2014
2006-03-17,2369
2006-03-18,2237
2006-03-19,2221
2006-03-20,2086
2006-03-21,2259
2006-03-22,2596
2006-03-23,3704
2006-03-24,2408
2006-03-25,2623
2006-03-26,2964
2006-03-27,2465
2006-03-28,2346
2006-03-29,2847
2006-03-30,2745
2006-03-31,2347
2006-04-01,2416
2006-04-02,2378
2006-04-03,2562
2006-04-04,2783
2006-04-05,2283
2006-04-06,2362
2006-04-07,2791
2006-04-08,2230
2006-04-09,2162
2006-04-10,2682
2006-04-11,2844
2006-04-12,3295
2006-04-13,3669
2006-04-14,2472
2006-04-15,3961
2006-04-16,2369
2006-04-17,2384
2006-04-18,2903
2006-04-19,2962
2006-04-20,3150
2006-04-21,2892
2006-04-22,4007
2006-04-23,5080
2006-04-24,7384
2006-04-25,9178
2006-04-26,6056
2006-04-27,5131
2006-04-28,2577
2006-04-29,2710
2006-04-30,2707
2006-05-01,3076
2006-05-02,2632
2006-05-03,3164
2006-05-04,2866
2006-05-05,2973
2006-05-06,2967
2006-05-07,2885
2006-05-08,3571
2006-05-09,3357
2006-05-10,3152
2006-05-11,3216
2006-05-12,2877
2006-05-13,2560
2006-05-14,3136
2006-05-15,3487
2006-05-16,3305
2006-05-17,4008
2006-05-18,3830
2006-05-19,2935
2006-05-20,2735
2006-05-21,2766
2006-05-22,3304
2006-05-23,3294
2006-05-24,3272
2006-05-25,3781
2006-05-26,2909
2006-05-27,2963
2006-05-28,2442
2006-05-29,3369
2006-05-30,13850
2006-05-31,3674
2006-06-01,3606
2006-06-02,3330
2006-06-03,2766
2006-06-04,3079
2006-06-05,3779
2006-06-06,4666
2006-06-07,3373
2006-06-08,3538
2006-06-09,3667
2006-06-10,4042
2006-06-11,3225
2006-06-12,3225
2006-06-13,4788
2006-06-14,3732
2006-06-15,3320
2006-06-16,3497
2006-06-17,2932
2006-06-18,3018
2006-06-19,3325
2006-06-20,2966
2006-06-21,3773
2006-06-22,3730
2006-06-23,3077
2006-06-24,3482
2006-06-25,2426
2006-06-26,2972
2006-06-27,3055
2006-06-28,3997
2006-06-29,3388
2006-06-30,3425
2006-07-01,2734
2006-07-02,2506
2006-07-03,3301
2006-07-04,3340
2006-07-05,3303
2006-07-06,3440
2006-07-07,4959
2006-07-08,3394
2006-07-09,3364
2006-07-10,3129
2006-07-11,3540
2006-07-12,3748
2006-07-13,3279
2006-07-14,3471
2006-07-15,2974
2006-07-16,3062
2006-07-17,3090
2006-07-18,3249
2006-07-19,3838
2006-07-20,3469
2006-07-21,3651
2006-07-22,3356
2006-07-23,2930
2006-07-24,3367
2006-07-25,4528
2006-07-26,3478
2006-07-27,4705
2006-07-28,3358
2006-07-29,3892
2006-07-30,2979
2006-07-31,3378
2006-08-01,3730
2006-08-02,4016
2006-08-03,3893
2006-08-04,3724
2006-08-05,3540
2006-08-06,3200
2006-08-07,3657
2006-08-08,3806
2006-08-09,3742
2006-08-10,3447
2006-08-11,3282
2006-08-12,3273
2006-08-13,3154
2006-08-14,3896
2006-08-15,4032
2006-08-16,4415
2006-08-17,3897
2006-08-18,3184
2006-08-19,2689
2006-08-20,4504
2006-08-21,3443
2006-08-22,5914
2006-08-23,5232
2006-08-24,5285
2006-08-25,3993
2006-08-26,3556
2006-08-27,3176
2006-08-28,3303
2006-08-29,3653
2006-08-30,3775
2006-08-31,3550
2006-09-01,3449
2006-09-02,3331
2006-09-03,3283
2006-09-04,3320
2006-09-05,3505
2006-09-06,3462
2006-09-07,3520
2006-09-08,3582
2006-09-09,3759
2006-09-10,4154
2006-09-11,3670
2006-09-12,5505
2006-09-13,5534
2006-09-14,3496
2006-09-15,3253
2006-09-16,3425
2006-09-17,3363
2006-09-18,3204
2006-09-19,3567
2006-09-20,3699
2006-09-21,3319
2006-09-22,3851
2006-09-23,3322
2006-09-24,3782
2006-09-25,3671
2006-09-26,3767
2006-09-27,3870
2006-09-28,4217
2006-09-29,3892
2006-09-30,6601
2006-10-01,5997
2006-10-02,3387
2006-10-03,4783
2006-10-04,5724
2006-10-05,5699
2006-10-06,5191
2006-10-07,4632
2006-10-08,4107
2006-10-09,3668
2006-10-10,3929
2006-10-11,4779
2006-10-12,4201
2006-10-13,3811
2006-10-14,3872
2006-10-15,4088
2006-10-16,4149
2006-10-17,4065
2006-10-18,4126
2006-10-19,4038
2006-10-20,3790
2006-10-21,3729
2006-10-22,3807
2006-10-23,4048
2006-10-24,4503
2006-10-25,4383
2006-10-26,3875
2006-10-27,3724
2006-10-28,3848
2006-10-29,3840
2006-10-30,4601
2006-10-31,3756
2006-11-01,3719
2006-11-02,4551
2006-11-03,3822
2006-11-04,3768
2006-11-05,3714
2006-11-06,3960
2006-11-07,4121
2006-11-08,4855
2006-11-09,6408
2006-11-10,4345
2006-11-11,3833
2006-11-12,3438
2006-11-13,4754
2006-11-14,4774
2006-11-15,5217
2006-11-16,4190
2006-11-17,4802
2006-11-18,3706
2006-11-19,4592
2006-11-20,4912
2006-11-21,4708
2006-11-22,4613
2006-11-23,5015
2006-11-24,3839
2006-11-25,4092
2006-11-26,5206
2006-11-27,5240
2006-11-28,5021
2006-11-29,5130
2006-11-30,4722
2006-12-01,4717
2006-12-02,3822
2006-12-03,4392
2006-12-04,4651
2006-12-05,4481
2006-12-06,4694
2006-12-07,4985
2006-12-08,5110
2006-12-09,6475
2006-12-10,7630
2006-12-11,4420
2006-12-12,4775
2006-12-13,4555
2006-12-14,4476
2006-12-15,4275
2006-12-16,3723
2006-12-17,6389
2006-12-18,4480
2006-12-19,4172
2006-12-20,4685
2006-12-21,5238
2006-12-22,4246
2006-12-23,4822
2006-12-24,4516
2006-12-25,3008
2006-12-26,3493
2006-12-27,4375
2006-12-28,4067
2006-12-29,4751
2006-12-30,4961
2006-12-31,4632
2007-01-01,3764
2007-01-02,4777
2007-01-03,5156
2007-01-04,4797
2007-01-05,4283
2007-01-06,3385
2007-01-07,4350
2007-01-08,4841
2007-01-09,4505
2007-01-10,4227
2007-01-11,4256
2007-01-12,4829
2007-01-13,4652
2007-01-14,4164
2007-01-15,4601
2007-01-16,5796
2007-01-17,6861
2007-01-18,5458
2007-01-19,4451
2007-01-20,4097
2007-01-21,5286
2007-01-22,4476
2007-01-23,5221
2007-01-24,5106
2007-01-25,6110
2007-01-26,4637
2007-01-27,5543
2007-01-28,5628
2007-01-29,5507
2007-01-30,4992
2007-01-31,5592
2007-02-01,4979
2007-02-02,5283
2007-02-03,4929
2007-02-04,5027
2007-02-05,5581
2007-02-06,5926
2007-02-07,5016
2007-02-08,5466
2007-02-09,5369
2007-02-10,4671
2007-02-11,8799
2007-02-12,5862
2007-02-13,6153
2007-02-14,5996
2007-02-15,5271
2007-02-16,4920
2007-02-17,4620
2007-02-18,4901
2007-02-19,6031
2007-02-20,6898
2007-02-21,5410
2007-02-22,6234
2007-02-23,6307
2007-02-24,6010
2007-02-25,6308
2007-02-26,5790
2007-02-27,5959
2007-02-28,5388
2007-03-01,5660
2007-03-02,5293
2007-03-03,5920
2007-03-04,5258
2007-03-05,6554
2007-03-06,5521
2007-03-07,5960
2007-03-08,6497
2007-03-09,5742
2007-03-10,5403
2007-03-11,6325
2007-03-12,6106
2007-03-13,5940
2007-03-14,5908
2007-03-15,5885
2007-03-16,5539
2007-03-17,6392
2007-03-18,5722
2007-03-19,7476
2007-03-20,6578
2007-03-21,6246
2007-03-22,5979
2007-03-23,5813
2007-03-24,5061
2007-03-25,6037
2007-03-26,6524
2007-03-27,6368
2007-03-28,5856
2007-03-29,5758
2007-03-30,5173
2007-03-31,4693
2007-04-01,5261
2007-04-02,5488
2007-04-03,6383
2007-04-04,5680
2007-04-05,5068
2007-04-06,5558
2007-04-07,5124
2007-04-08,5152
2007-04-09,5258
2007-04-10,5759
2007-04-11,6275
2007-04-12,5897
2007-04-13,5813
2007-04-14,5194
2007-04-15,5680
2007-04-16,6619
2007-04-17,6660
2007-04-18,6807
2007-04-19,5597
2007-04-20,6062
2007-04-21,5418
2007-04-22,5874
2007-04-23,6645
2007-04-24,6717
2007-04-25,6542
2007-04-26,6677
2007-04-27,5481
2007-04-28,5030
2007-04-29,5746
2007-04-30,6572
2007-05-01,6005
2007-05-02,16838
2007-05-03,16094
2007-05-04,7432
2007-05-05,5303
2007-05-06,13541
2007-05-07,6751
2007-05-08,7037
2007-05-09,5908
2007-05-10,6353
2007-05-11,5731
2007-05-12,5047
2007-05-13,5644
2007-05-14,6219
2007-05-15,5353
2007-05-16,6522
2007-05-17,6179
2007-05-18,5116
2007-05-19,6345
2007-05-20,5476
2007-05-21,6178
2007-05-22,6236
2007-05-23,6033
2007-05-24,5184
2007-05-25,7611
2007-05-26,9487
2007-05-27,4795
2007-05-28,5996
2007-05-29,7244
2007-05-30,6055
2007-05-31,8708
2007-06-01,7546
2007-06-02,5335
2007-06-03,6512
2007-06-04,7437
2007-06-05,6958
2007-06-06,7247
2007-06-07,5226
2007-06-08,5675
2007-06-09,4477
2007-06-10,6229
2007-06-11,8729
2007-06-12,5634
2007-06-13,7326
2007-06-14,7489
2007-06-15,4757
2007-06-16,4491
2007-06-17,7353
2007-06-18,6674
2007-06-19,5942
2007-06-20,5502
2007-06-21,6089
2007-06-22,5085
2007-06-23,4378
2007-06-24,5242
2007-06-25,5639
2007-06-26,4819
2007-06-27,5210
2007-06-28,4830
2007-06-29,5201
2007-06-30,4846
2007-07-01,5244
2007-07-02,5218
2007-07-03,5106
2007-07-04,5341
2007-07-05,4836
2007-07-06,6083
2007-07-07,4876
2007-07-08,5387
2007-07-09,5472
2007-07-10,6884
2007-07-11,4923
2007-07-12,4925
2007-07-13,5321
2007-07-14,5127
2007-07-15,6394
2007-07-16,5672
2007-07-17,5334
2007-07-18,5334
2007-07-19,6532
2007-07-20,6134
2007-07-21,4798
2007-07-22,6699
2007-07-23,7329
2007-07-24,6536
2007-07-25,7042
2007-07-26,8438
2007-07-27,7172
2007-07-28,5242
2007-07-29,4630
2007-07-30,5271
2007-07-31,6366
2007-08-01,4897
2007-08-02,5158
2007-08-03,4709
2007-08-04,6176
2007-08-05,5168
2007-08-06,5610
2007-08-07,5735
2007-08-08,5792
2007-08-09,4966
2007-08-10,5908
2007-08-11,3926
2007-08-12,4572
2007-08-13,4568
2007-08-14,5775
2007-08-15,4954
2007-08-16,4519
2007-08-17,4880
2007-08-18,4479
2007-08-19,4554
2007-08-20,5771
2007-08-21,6336
2007-08-22,7283
2007-08-23,6526
2007-08-24,5099
2007-08-25,4965
2007-08-26,5414
2007-08-27,5627
2007-08-28,5473
2007-08-29,6016
2007-08-30,5213
2007-08-31,5039
2007-09-01,5271
2007-09-02,4484
2007-09-03,5017
2007-09-04,5257
2007-09-05,5070
2007-09-06,6238
2007-09-07,5503
2007-09-08,5942
2007-09-09,9335
2007-09-10,5979
2007-09-11,6051
2007-09-12,6027
2007-09-13,6389
2007-09-14,5349
2007-09-15,5250
2007-09-16,6246
2007-09-17,6344
2007-09-18,6539
2007-09-19,6119
2007-09-20,6220
2007-09-21,5452
2007-09-22,4838
2007-09-23,5292
2007-09-24,6082
2007-09-25,6054
2007-09-26,5887
2007-09-27,6093
2007-09-28,6080
2007-09-29,5424
2007-09-30,5466
2007-10-01,6947
2007-10-02,6252
2007-10-03,6604
2007-10-04,5633
2007-10-05,7068
2007-10-06,8466
2007-10-07,6716
2007-10-08,5682
2007-10-09,6411
2007-10-10,6832
2007-10-11,6897
2007-10-12,6946
2007-10-13,5687
2007-10-14,6218
2007-10-15,6104
2007-10-16,6601
2007-10-17,6353
2007-10-18,7252
2007-10-19,6346
2007-10-20,6542
2007-10-21,6888
2007-10-22,7862
2007-10-23,7203
2007-10-24,6656
2007-10-25,7159
2007-10-26,5913
2007-10-27,6390
2007-10-28,6944
2007-10-29,6611
2007-10-30,6307
2007-10-31,6926
2007-11-01,6326
2007-11-02,7851
2007-11-03,8851
2007-11-04,6510
2007-11-05,5881
2007-11-06,6823
2007-11-07,8322
2007-11-08,7267
2007-11-09,6813
2007-11-10,5739
2007-11-11,6953
2007-11-12,8842
2007-11-13,6611
2007-11-14,6403
2007-11-15,5800
2007-11-16,6226
2007-11-17,5644
2007-11-18,5665
2007-11-19,6308
2007-11-20,6322
2007-11-21,5723
2007-11-22,8201
2007-11-23,10821
2007-11-24,12283
2007-11-25,5500
2007-11-26,7834
2007-11-27,9942
2007-11-28,10837
2007-11-29,16285
2007-11-30,23715
2007-12-01,23601
2007-12-02,11685
2007-12-03,15410
2007-12-04,8848
2007-12-05,7037
2007-12-06,6717
2007-12-07,9113
2007-12-08,8448
2007-12-09,15151
2007-12-10,6888
2007-12-11,9654
2007-12-12,10202
2007-12-13,15239
2007-12-14,9123
2007-12-15,11874
2007-12-16,16745
2007-12-17,6591
2007-12-18,10102
2007-12-19,10805
2007-12-20,9752
2007-12-21,7750
2007-12-22,6575
2007-12-23,5314
2007-12-24,8478
2007-12-25,4547
2007-12-26,4966
2007-12-27,8107
2007-12-28,6501
2007-12-29,6403
2007-12-30,9457
2007-12-31,12204
2008-01-01,9747
2008-01-02,13964
2008-01-03,16714
2008-01-04,11272
2008-01-05,7399
2008-01-06,9758
2008-01-07,8870
2008-01-08,8074
2008-01-09,7373
2008-01-10,8466
2008-01-11,7715
2008-01-12,6988
2008-01-13,9312
2008-01-14,8419
2008-01-15,10034
2008-01-16,7833
2008-01-17,7738
2008-01-18,8041
2008-01-19,8283
2008-01-20,7124
2008-01-21,11111
2008-01-22,9572
2008-01-23,10233
2008-01-24,9703
2008-01-25,8517
2008-01-26,7696
2008-01-27,8325
2008-01-28,8420
2008-01-29,9056
2008-01-30,8413
2008-01-31,9773
2008-02-01,9241
2008-02-02,7818
2008-02-03,8575
2008-02-04,9006
2008-02-05,8691
2008-02-06,8261
2008-02-07,8603
2008-02-08,8702
2008-02-09,7571
2008-02-10,8435
2008-02-11,8616
2008-02-12,10462
2008-02-13,11544
2008-02-14,8478
2008-02-15,8437
2008-02-16,9824
2008-02-17,9199
2008-02-18,11663
2008-02-19,11633
2008-02-20,9841
2008-02-21,7840
2008-02-22,8710
2008-02-23,7810
2008-02-24,8322
2008-02-25,9278
2008-02-26,8580
2008-02-27,9344
2008-02-28,9699
2008-02-29,8545
2008-03-01,7954
2008-03-02,7805
2008-03-03,8501
2008-03-04,8691
2008-03-05,8621
2008-03-06,9003
2008-03-07,9366
2008-03-08,8720
2008-03-09,9593
2008-03-10,12709
2008-03-11,11070
2008-03-12,10999
2008-03-13,10862
2008-03-14,12647
2008-03-15,11216
2008-03-16,14173
2008-03-17,11374
2008-03-18,11899
2008-03-19,19679
2008-03-20,14942
2008-03-21,13781
2008-03-22,13161
2008-03-23,16592
2008-03-24,19287
2008-03-25,15039
2008-03-26,11471
2008-03-27,12757
2008-03-28,11962
2008-03-29,7309
2008-03-30,8457
2008-03-31,9246
2008-04-01,9802
2008-04-02,8712
2008-04-03,9027
2008-04-04,9613
2008-04-05,7627
2008-04-06,8800
2008-04-07,9015
2008-04-08,8200
2008-04-09,9134
2008-04-10,10471
2008-04-11,7976
2008-04-12,7213
2008-04-13,8150
2008-04-14,8427
2008-04-15,9734
2008-04-16,8608
2008-04-17,8141
2008-04-18,7778
2008-04-19,7366
2008-04-20,7788
2008-04-21,23990
2008-04-22,9796
2008-04-23,9323
2008-04-24,9200
2008-04-25,9056
2008-04-26,7311
2008-04-27,10233
2008-04-28,9224
2008-04-29,9542
2008-04-30,8456
2008-05-01,9066
2008-05-02,8354
2008-05-03,7504
2008-05-04,7743
2008-05-05,9323
2008-05-06,9455
2008-05-07,10668
2008-05-08,8691
2008-05-09,8742
2008-05-10,7097
2008-05-11,7401
2008-05-12,8518
2008-05-13,12666
2008-05-14,9702
2008-05-15,9335
2008-05-16,9043
2008-05-17,6672
2008-05-18,9482
2008-05-19,9510
2008-05-20,9090
2008-05-21,9952
2008-05-22,9743
2008-05-23,8125
2008-05-24,7187
2008-05-25,7701
2008-05-26,8818
2008-05-27,9400
2008-05-28,8961
2008-05-29,8445
2008-05-30,8304
2008-05-31,9298
2008-06-01,7704
2008-06-02,8792
2008-06-03,8031
2008-06-04,10782
2008-06-05,9625
2008-06-06,8898
2008-06-07,7163
2008-06-08,6673
2008-06-09,8925
2008-06-10,9383
2008-06-11,8848
2008-06-12,8879
2008-06-13,10309
2008-06-14,7181
2008-06-15,8657
2008-06-16,11259
2008-06-17,8759
2008-06-18,8336
2008-06-19,10194
2008-06-20,8709
2008-06-21,7521
2008-06-22,8547
2008-06-23,7821
2008-06-24,8213
2008-06-25,8360
2008-06-26,8613
2008-06-27,7899
2008-06-28,8619
2008-06-29,8516
2008-06-30,8365
2008-07-01,14141
2008-07-02,11464
2008-07-03,10023
2008-07-04,8782
2008-07-05,6368
2008-07-06,9940
2008-07-07,8279
2008-07-08,8937
2008-07-09,8536
2008-07-10,8913
2008-07-11,7953
2008-07-12,6047
2008-07-13,6544
2008-07-14,7561
2008-07-15,8056
2008-07-16,9759
2008-07-17,7722
2008-07-18,6615
2008-07-19,6139
2008-07-20,6232
2008-07-21,7945
2008-07-22,8842
2008-07-23,8574
2008-07-24,7961
2008-07-25,8000
2008-07-26,6655
2008-07-27,7715
2008-07-28,8791
2008-07-29,8454
2008-07-30,8709
2008-07-31,9649
2008-08-01,9021
2008-08-02,7587
2008-08-03,6769
2008-08-04,9873
2008-08-05,11091
2008-08-06,13302
2008-08-07,12774
2008-08-08,13366
2008-08-09,11602
2008-08-10,16045
2008-08-11,13420
2008-08-12,9881
2008-08-13,10095
2008-08-14,8200
2008-08-15,10088
2008-08-16,8194
2008-08-17,7978
2008-08-18,10085
2008-08-19,9359
2008-08-20,9366
2008-08-21,10748
2008-08-22,8169
2008-08-23,8001
2008-08-24,7406
2008-08-25,7845
2008-08-26,10342
2008-08-27,9336
2008-08-28,8528
2008-08-29,8624
2008-08-30,6623
2008-08-31,8027
2008-09-01,8268
2008-09-02,7748
2008-09-03,7618
2008-09-04,8460
2008-09-05,8094
2008-09-06,7731
2008-09-07,8956
2008-09-08,9721
2008-09-09,12159
2008-09-10,8726
2008-09-11,8164
2008-09-12,7193
2008-09-13,9919
2008-09-14,8669
2008-09-15,7632
2008-09-16,8340
2008-09-17,8793
2008-09-18,8470
2008-09-19,8451
2008-09-20,6861
2008-09-21,8043
2008-09-22,8127
2008-09-23,11108
2008-09-24,8689
2008-09-25,11786
2008-09-26,9304
2008-09-27,7383
2008-09-28,8324
2008-09-29,12119
2008-09-30,10091
2008-10-01,13245
2008-10-02,10412
2008-10-03,9339
2008-10-04,9422
2008-10-05,10267
2008-10-06,8162
2008-10-07,12906
2008-10-08,23069
2008-10-09,9857
2008-10-10,9898
2008-10-11,9431
2008-10-12,8881
2008-10-13,12179
2008-10-14,9047
2008-10-15,10074
2008-10-16,16680
2008-10-17,15722
2008-10-18,9603
2008-10-19,10449
2008-10-20,9508
2008-10-21,10425
2008-10-22,13425
2008-10-23,10263
2008-10-24,8437
2008-10-25,6092
2008-10-26,8218
2008-10-27,8029
2008-10-28,8627
2008-10-29,8385
2008-10-30,9360
2008-10-31,8449
2008-11-01,8468
2008-11-02,9474
2008-11-03,9699
2008-11-04,11139
2008-11-05,8081
2008-11-06,9008
2008-11-07,9454
2008-11-08,7276
2008-11-09,8480
2008-11-10,10841
2008-11-11,10818
2008-11-12,9732
2008-11-13,8512
2008-11-14,8470
2008-11-15,8323
2008-11-16,11235
2008-11-17,12233
2008-11-18,12807
2008-11-19,12371
2008-11-20,10478
2008-11-21,11180
2008-11-22,11577
2008-11-23,10260
2008-11-24,10055
2008-11-25,11458
2008-11-26,12210
2008-11-27,11366
2008-11-28,12968
2008-11-29,11227
2008-11-30,12466
2008-12-01,10638
2008-12-02,8857
2008-12-03,8073
2008-12-04,7492
2008-12-05,7246
2008-12-06,6307
2008-12-07,8263
2008-12-08,9022
2008-12-09,8521
2008-12-10,11430
2008-12-11,14107
2008-12-12,13761
2008-12-13,8512
2008-12-14,10406
2008-12-15,12276
2008-12-16,15412
2008-12-17,10885
2008-12-18,12848
2008-12-19,14858
2008-12-20,11001
2008-12-21,9305
2008-12-22,8434
2008-12-23,9827
2008-12-24,7118
2008-12-25,6987
2008-12-26,5184
2008-12-27,5641
2008-12-28,6572
2008-12-29,6926
2008-12-30,6203
2008-12-31,7108
2009-01-01,6707
2009-01-02,7435
2009-01-03,9951
2009-01-04,8349
2009-01-05,9300
2009-01-06,10054
2009-01-07,11561
2009-01-08,9382
2009-01-09,8427
2009-01-10,8441
2009-01-11,9167
2009-01-12,9563
2009-01-13,9820
2009-01-14,10924
2009-01-15,8291
2009-01-16,9303
2009-01-17,7997
2009-01-18,8575
2009-01-19,9496
2009-01-20,8200
2009-01-21,8146
2009-01-22,9429
2009-01-23,8189
2009-01-24,7933
2009-01-25,9528
2009-01-26,9249
2009-01-27,8749
2009-01-28,10261
2009-01-29,7741
2009-01-30,7184
2009-01-31,9436
2009-02-01,8740
2009-02-02,8241
2009-02-03,8933
2009-02-04,9127
2009-02-05,7978
2009-02-06,8541
2009-02-07,7611
2009-02-08,7587
2009-02-09,9035
2009-02-10,9369
2009-02-11,9794
2009-02-12,10511
2009-02-13,10681
2009-02-14,7593
2009-02-15,8425
2009-02-16,9237
2009-02-17,9371
2009-02-18,10063
2009-02-19,10607
2009-02-20,8746
2009-02-21,7720
2009-02-22,10796
2009-02-23,10217
2009-02-24,9986
2009-02-25,10211
2009-02-26,10360
2009-02-27,8410
2009-02-28,8798
2009-03-01,9857
2009-03-02,10450
2009-03-03,9292
2009-03-04,9969
2009-03-05,11204
2009-03-06,10263
2009-03-07,10263
2009-03-08,10632
2009-03-09,8934
2009-03-10,10717
2009-03-11,10058
2009-03-12,10919
2009-03-13,8611
2009-03-14,8348
2009-03-15,10299
2009-03-16,11321
2009-03-17,9415
2009-03-18,9308
2009-03-19,10685
2009-03-20,7818
2009-03-21,7167
2009-03-22,8021
2009-03-23,8890
2009-03-24,8644
2009-03-25,10709
2009-03-26,8575
2009-03-27,7794
2009-03-28,8231
2009-03-29,8144
2009-03-30,9745
2009-03-31,10433
2009-04-01,10011
2009-04-02,13083
2009-04-03,7472
2009-04-04,8707
2009-04-05,7386
2009-04-06,8213
2009-04-07,8489
2009-04-08,8893
2009-04-09,9788
2009-04-10,9474
2009-04-11,7868
2009-04-12,7526
2009-04-13,8913
2009-04-14,9212
2009-04-15,8346
2009-04-16,8545
2009-04-17,7910
2009-04-18,6615
2009-04-19,8315
2009-04-20,8544
2009-04-21,9500
2009-04-22,8281
2009-04-23,9020
2009-04-24,8839
2009-04-25,6760
2009-04-26,7701
2009-04-27,9511
2009-04-28,7975
2009-04-29,7619
2009-04-30,7877
2009-05-01,7611
2009-05-02,7729
2009-05-03,8103
2009-05-04,8629
2009-05-05,8626
2009-05-06,8381
2009-05-07,8113
2009-05-08,8927
2009-05-09,6584
2009-05-10,6892
2009-05-11,7455
2009-05-12,8691
2009-05-13,7590
2009-05-14,7561
2009-05-15,7540
2009-05-16,6855
2009-05-17,8388
2009-05-18,7986
2009-05-19,8900
2009-05-20,8755
2009-05-21,9629
2009-05-22,9869
2009-05-23,8866
2009-05-24,16252
2009-05-25,10349
2009-05-26,13976
2009-05-27,11808
2009-05-28,11899
2009-05-29,16652
2009-05-30,25250
2009-05-31,9120
2009-06-01,8335
2009-06-02,9720
2009-06-03,8968
2009-06-04,8737
2009-06-05,8128
2009-06-06,7880
2009-06-07,8926
2009-06-08,8682
2009-06-09,8692
2009-06-10,9347
2009-06-11,8203
2009-06-12,9091
2009-06-13,7868
2009-06-14,7852
2009-06-15,8175
2009-06-16,9460
2009-06-17,7607
2009-06-18,8280
2009-06-19,7589
2009-06-20,7186
2009-06-21,10680
2009-06-22,11225
2009-06-23,20323
2009-06-24,19080
2009-06-25,8716
2009-06-26,7208
2009-06-27,7419
2009-06-28,7012
2009-06-29,7487
2009-06-30,8104
2009-07-01,7544
2009-07-02,7205
2009-07-03,8268
2009-07-04,6896
2009-07-05,6388
2009-07-06,7407
2009-07-07,7532
2009-07-08,8086
2009-07-09,6762
2009-07-10,7122
2009-07-11,5683
2009-07-12,6453
2009-07-13,7364
2009-07-14,6969
2009-07-15,7378
2009-07-16,7532
2009-07-17,6554
2009-07-18,6962
2009-07-19,9210
2009-07-20,7783
2009-07-21,7711
2009-07-22,7496
2009-07-23,8022
2009-07-24,9324
2009-07-25,6199
2009-07-26,6147
2009-07-27,7885
2009-07-28,8308
2009-07-29,9232
2009-07-30,8101
2009-07-31,8781
2009-08-01,8065
2009-08-02,7552
2009-08-03,8553
2009-08-04,10082
2009-08-05,8228
2009-08-06,9015
2009-08-07,7362
2009-08-08,6028
2009-08-09,7287
2009-08-10,8679
2009-08-11,10343
2009-08-12,8527
2009-08-13,7508
2009-08-14,8969
2009-08-15,6798
2009-08-16,6927
2009-08-17,8436
2009-08-18,9870
2009-08-19,7811
2009-08-20,7896
2009-08-21,7088
2009-08-22,5959
2009-08-23,7138
2009-08-24,7904
2009-08-25,7490
2009-08-26,7101
2009-08-27,6979
2009-08-28,6597
2009-08-29,8436
2009-08-30,7633
2009-08-31,9570
2009-09-01,8682
2009-09-02,7515
2009-09-03,7674
2009-09-04,6770
2009-09-05,6644
2009-09-06,7009
2009-09-07,7751
2009-09-08,8002
2009-09-09,7563
2009-09-10,8473
2009-09-11,7088
2009-09-12,6963
2009-09-13,7701
2009-09-14,8729
2009-09-15,8513
2009-09-16,8448
2009-09-17,7598
2009-09-18,7933
2009-09-19,7904
2009-09-20,7632
2009-09-21,8663
2009-09-22,8523
2009-09-23,8378
2009-09-24,8222
2009-09-25,8300
2009-09-26,6901
2009-09-27,10738
2009-09-28,8222
2009-09-29,8956
2009-09-30,8431
2009-10-01,7567
2009-10-02,6861
2009-10-03,6883
2009-10-04,8560
2009-10-05,8521
2009-10-06,8266
2009-10-07,10653
2009-10-08,8819
2009-10-09,8478
2009-10-10,7219
2009-10-11,8236
2009-10-12,8144
2009-10-13,9091
2009-10-14,8643
2009-10-15,9103
2009-10-16,9168
2009-10-17,7252
2009-10-18,8684
2009-10-19,8656
2009-10-20,8805
2009-10-21,8189
2009-10-22,9352
2009-10-23,9394
2009-10-24,8544
2009-10-25,9970
2009-10-26,12644
2009-10-27,9617
2009-10-28,8400
2009-10-29,8172
2009-10-30,8939
2009-10-31,8530
2009-11-01,7981
2009-11-02,9532
2009-11-03,9405
2009-11-04,8865
2009-11-05,7945
2009-11-06,7795
2009-11-07,7289
2009-11-08,7727
2009-11-09,8496
2009-11-10,9756
2009-11-11,8250
2009-11-12,7425
2009-11-13,7395
2009-11-14,6552
2009-11-15,7440
2009-11-16,7492
2009-11-17,7318
2009-11-18,7964
2009-11-19,7551
2009-11-20,7258
2009-11-21,8000
2009-11-22,7244
2009-11-23,7234
2009-11-24,7426
2009-11-25,7520
2009-11-26,6345
2009-11-27,6442
2009-11-28,7124
2009-11-29,7853
2009-11-30,8972
2009-12-01,8544
2009-12-02,8322
2009-12-03,12244
2009-12-04,10581
2009-12-05,9873
2009-12-06,8516
2009-12-07,10010
2009-12-08,9551
2009-12-09,8490
2009-12-10,9182
2009-12-11,7281
2009-12-12,8554
2009-12-13,8329
2009-12-14,9495
2009-12-15,8773
2009-12-16,8501
2009-12-17,10156
2009-12-18,8085
2009-12-19,7095
2009-12-20,9194
2009-12-21,9015
2009-12-22,9309
2009-12-23,9823
2009-12-24,9123
2009-12-25,8269
2009-12-26,7051
2009-12-27,8295
2009-12-28,8629
2009-12-29,8416
2009-12-30,11402
2009-12-31,14882
2010-01-01,10074
2010-01-02,8811
2010-01-03,8039
2010-01-04,8045
2010-01-05,8269
2010-01-06,8444
2010-01-07,9657
2010-01-08,10325
2010-01-09,9997
2010-01-10,9555
2010-01-11,9064
2010-01-12,10812
2010-01-13,9853
2010-01-14,9223
2010-01-15,8619
2010-01-16,9118
2010-01-17,9453
2010-01-18,8612
2010-01-19,11406
2010-01-20,12839
2010-01-21,8722
2010-01-22,10020
2010-01-23,10413
2010-01-24,10002
2010-01-25,11138
2010-01-26,9419
2010-01-27,8623
2010-01-28,8397
2010-01-29,8254
2010-01-30,9127
2010-01-31,8408
2010-02-01,8812
2010-02-02,12821
2010-02-03,13669
2010-02-04,12441
2010-02-05,13900
2010-02-06,13017
2010-02-07,14442
2010-02-08,18554
2010-02-09,14281
2010-02-10,13630
2010-02-11,11461
2010-02-12,14383
2010-02-13,10752
2010-02-14,10780
2010-02-15,9400
2010-02-16,13609
2010-02-17,12240
2010-02-18,12847
2010-02-19,13209
2010-02-20,12674
2010-02-21,13672
2010-02-22,13679
2010-02-23,14523
2010-02-24,13833
2010-02-25,13095
2010-02-26,8162
2010-02-27,7504
2010-02-28,9163
2010-03-01,9036
2010-03-02,8824
2010-03-03,8604
2010-03-04,10478
2010-03-05,8957
2010-03-06,10277
2010-03-07,8872
2010-03-08,11600
2010-03-09,12782
2010-03-10,13563
2010-03-11,13330
2010-03-12,7809
2010-03-13,8103
2010-03-14,8827
2010-03-15,10760
2010-03-16,9398
2010-03-17,9193
2010-03-18,9227
2010-03-19,8429
2010-03-20,8568
2010-03-21,11356
2010-03-22,11200
2010-03-23,10456
2010-03-24,10061
2010-03-25,9479
2010-03-26,8345
2010-03-27,10760
2010-03-28,17692
2010-03-29,17565
2010-03-30,15237
2010-03-31,9361
2010-04-01,10836
2010-04-02,11675
2010-04-03,11432
2010-04-04,11489
2010-04-05,12297
2010-04-06,14892
2010-04-07,12697
2010-04-08,13503
2010-04-09,11208
2010-04-10,12035
2010-04-11,10257
2010-04-12,11845
2010-04-13,11220
2010-04-14,11460
2010-04-15,15060
2010-04-16,11928
2010-04-17,15000
2010-04-18,9124
2010-04-19,15320
2010-04-20,11198
2010-04-21,13014
2010-04-22,20182
2010-04-23,9390
2010-04-24,9286
2010-04-25,11125
2010-04-26,10899
2010-04-27,11293
2010-04-28,8879
2010-04-29,9810
2010-04-30,9414
2010-05-01,7985
2010-05-02,14158
2010-05-03,11904
2010-05-04,12067
2010-05-05,12988
2010-05-06,12236
2010-05-07,8447
2010-05-08,8691
2010-05-09,8256
2010-05-10,11630
2010-05-11,9971
2010-05-12,9346
2010-05-13,8665
2010-05-14,8131
2010-05-15,7364
2010-05-16,7784
2010-05-17,7413
2010-05-18,10019
2010-05-19,9029
2010-05-20,8533
2010-05-21,6854
2010-05-22,6689
2010-05-23,11448
2010-05-24,8658
2010-05-25,11005
2010-05-26,7758
2010-05-27,7669
2010-05-28,9842
2010-05-29,18314
2010-05-30,14194
2010-05-31,12825
2010-06-01,13583
2010-06-02,12904
2010-06-03,12950
2010-06-04,10713
2010-06-05,11279
2010-06-06,10718
2010-06-07,12413
2010-06-08,11397
2010-06-09,10252
2010-06-10,11468
2010-06-11,11354
2010-06-12,8652
2010-06-13,12680
2010-06-14,12655
2010-06-15,15872
2010-06-16,15262
2010-06-17,10061
2010-06-18,9835
2010-06-19,10297
2010-06-20,8274
2010-06-21,15708
2010-06-22,11744
2010-06-23,12465
2010-06-24,11253
2010-06-25,12913
2010-06-26,7739
2010-06-27,7657
2010-06-28,8775
2010-06-29,8738
2010-06-30,7929
2010-07-01,8051
2010-07-02,8888
2010-07-03,8080
2010-07-04,7671
2010-07-05,8073
2010-07-06,9359
2010-07-07,7810
2010-07-08,9302
2010-07-09,7587
2010-07-10,7303
2010-07-11,13414
2010-07-12,14985
2010-07-13,8557
2010-07-14,9865
2010-07-15,9781
2010-07-16,8693
2010-07-17,6735
2010-07-18,7860
2010-07-19,9534
2010-07-20,13685
2010-07-21,8819
2010-07-22,8945
2010-07-23,8906
2010-07-24,7041
2010-07-25,8078
2010-07-26,8493
2010-07-27,8357
2010-07-28,9747
2010-07-29,8938
2010-07-30,7263
2010-07-31,7028
2010-08-01,7420
2010-08-02,9126
2010-08-03,7563
2010-08-04,8333
2010-08-05,8160
2010-08-06,7996
2010-08-07,15273
2010-08-08,11911
2010-08-09,8466
2010-08-10,10922
2010-08-11,8914
2010-08-12,8228
2010-08-13,6700
2010-08-14,8198
2010-08-15,7878
2010-08-16,7616
2010-08-17,11244
2010-08-18,14624
2010-08-19,15785
2010-08-20,14164
2010-08-21,19094
2010-08-22,13027
2010-08-23,15413
2010-08-24,15466
2010-08-25,22437
2010-08-26,17544
2010-08-27,21391
2010-08-28,20662
2010-08-29,16385
2010-08-30,12580
2010-08-31,18177
2010-09-01,17626
2010-09-02,22407
2010-09-03,15090
2010-09-04,15587
2010-09-05,16498
2010-09-06,19030
2010-09-07,9144
2010-09-08,10072
2010-09-09,11582
2010-09-10,11734
2010-09-11,13686
2010-09-12,13490
2010-09-13,10899
2010-09-14,12456
2010-09-15,11497
2010-09-16,11310
2010-09-17,10926
2010-09-18,13712
2010-09-19,10238
2010-09-20,13162
2010-09-21,11438
2010-09-22,15677
2010-09-23,8873
2010-09-24,10045
2010-09-25,10075
2010-09-26,8481
2010-09-27,9185
2010-09-28,10107
2010-09-29,10635
2010-09-30,12611
2010-10-01,9690
2010-10-02,10447
2010-10-03,17650
2010-10-04,23721
2010-10-05,13488
2010-10-06,16999
2010-10-07,28652
2010-10-08,13209
2010-10-09,11404
2010-10-10,9623
2010-10-11,10398
2010-10-12,21529
2010-10-13,19743
2010-10-14,10746
2010-10-15,10357
2010-10-16,12214
2010-10-17,14064
2010-10-18,13928
2010-10-19,10815
2010-10-20,12011
2010-10-21,11682
2010-10-22,11925
2010-10-23,14632
2010-10-24,10890
2010-10-25,10817
2010-10-26,10158
2010-10-27,12318
2010-10-28,9107
2010-10-29,9795
2010-10-30,10448
2010-10-31,10039
2010-11-01,13965
2010-11-02,10632
2010-11-03,10136
2010-11-04,9693
2010-11-05,11897
2010-11-06,12318
2010-11-07,10498
2010-11-08,13049
2010-11-09,11425
2010-11-10,10523
2010-11-11,10153
2010-11-12,9389
2010-11-13,12287
2010-11-14,14358
2010-11-15,13414
2010-11-16,17629
2010-11-17,13598
2010-11-18,11577
2010-11-19,14376
2010-11-20,18262
2010-11-21,17613
2010-11-22,19402
2010-11-23,19872
2010-11-24,17406
2010-11-25,15904
2010-11-26,16991
2010-11-27,18721
2010-11-28,17173
2010-11-29,18984
2010-11-30,22171
2010-12-01,15205
2010-12-02,18886
2010-12-03,15115
2010-12-04,16970
2010-12-05,15584
2010-12-06,19240
2010-12-07,20494
2010-12-08,14620
2010-12-09,17552
2010-12-10,9338
2010-12-11,9840
2010-12-12,9797
2010-12-13,13233
2010-12-14,11193
2010-12-15,13633
2010-12-16,11985
2010-12-17,12016
2010-12-18,10496
2010-12-19,13639
2010-12-20,12863
2010-12-21,15936
2010-12-22,11968
2010-12-23,9529
2010-12-24,8095
2010-12-25,8405
2010-12-26,15216
2010-12-27,9994
2010-12-28,13858
2010-12-29,10363
2010-12-30,11793
2010-12-31,10371
2011-01-01,8483
2011-01-02,10913
2011-01-03,14362
2011-01-04,16202
2011-01-05,12199
2011-01-06,13519
2011-01-07,15285
2011-01-08,13949
2011-01-09,16837
2011-01-10,16569
2011-01-11,19881
2011-01-12,17706
2011-01-13,15680
2011-01-14,11259
2011-01-15,12678
2011-01-16,11813
2011-01-17,12267
2011-01-18,13948
2011-01-19,10625
2011-01-20,11699
2011-01-21,10638
2011-01-22,20977
2011-01-23,17642
2011-01-24,20189
2011-01-25,17458
2011-01-26,15465
2011-01-27,19505
2011-01-28,18222
2011-01-29,19612
2011-01-30,17032
2011-01-31,14117
2011-02-01,11464
2011-02-02,12413
2011-02-03,12919
2011-02-04,12987
2011-02-05,10788
2011-02-06,14187
2011-02-07,13229
2011-02-08,13669
2011-02-09,13051
2011-02-10,12898
2011-02-11,13242
2011-02-12,12899
2011-02-13,13061
2011-02-14,11591
2011-02-15,11012
2011-02-16,13320
2011-02-17,22972
2011-02-18,12969
2011-02-19,10350
2011-02-20,10984
2011-02-21,11708
2011-02-22,11558
2011-02-23,11691
2011-02-24,10483
2011-02-25,11157
2011-02-26,11030
2011-02-27,11177
2011-02-28,11392
2011-03-01,11275
2011-03-02,11717
2011-03-03,10883
2011-03-04,12483
2011-03-05,13161
2011-03-06,11489
2011-03-07,12277
2011-03-08,10776
2011-03-09,10890
2011-03-10,10903
2011-03-11,9746
2011-03-12,8929
2011-03-13,10716
2011-03-14,11710
2011-03-15,9929
2011-03-16,10518
2011-03-17,9436
2011-03-18,9591
2011-03-19,10702
2011-03-20,12803
2011-03-21,11887
2011-03-22,12622
2011-03-23,10348
2011-03-24,10146
2011-03-25,9073
2011-03-26,9860
2011-03-27,9586
2011-03-28,9412
2011-03-29,9773
2011-03-30,8850
2011-03-31,9614
2011-04-01,9085
2011-04-02,8317
2011-04-03,8091
2011-04-04,12746
2011-04-05,18085
2011-04-06,14719
2011-04-07,10887
2011-04-08,10383
2011-04-09,8944
2011-04-10,14580
2011-04-11,11340
2011-04-12,10421
2011-04-13,14619
2011-04-14,14292
2011-04-15,13899
2011-04-16,10012
2011-04-17,7813
2011-04-18,8439
2011-04-19,9389
2011-04-20,7422
2011-04-21,8686
2011-04-22,9248
2011-04-23,7917
2011-04-24,7544
2011-04-25,8868
2011-04-26,9488
2011-04-27,10064
2011-04-28,8553
2011-04-29,8592
2011-04-30,7481
2011-05-01,9485
2011-05-02,10267
2011-05-03,10284
2011-05-04,12610
2011-05-05,11465
2011-05-06,9937
2011-05-07,12064
2011-05-08,11330
2011-05-09,12733
2011-05-10,10628
2011-05-11,12389
2011-05-12,15052
2011-05-13,12026
2011-05-14,10725
2011-05-15,8851
2011-05-16,12037
2011-05-17,10459
2011-05-18,10762
2011-05-19,9849
2011-05-20,9134
2011-05-21,8671
2011-05-22,9505
2011-05-23,11250
2011-05-24,9988
2011-05-25,11479
2011-05-26,11088
2011-05-27,13926
2011-05-28,9032
2011-05-29,9836
2011-05-30,9969
2011-05-31,11162
2011-06-01,10972
2011-06-02,15756
2011-06-03,11751
2011-06-04,9235
2011-06-05,11647
2011-06-06,12204
2011-06-07,12574
2011-06-08,11283
2011-06-09,10975
2011-06-10,10436
2011-06-11,9864
2011-06-12,11055
2011-06-13,13881
2011-06-14,13854
2011-06-15,12642
2011-06-16,13056
2011-06-17,19032
2011-06-18,12390
2011-06-19,14393
2011-06-20,11902
2011-06-21,11503
2011-06-22,10753
2011-06-23,11290
2011-06-24,12333
2011-06-25,14429
2011-06-26,17501
2011-06-27,11493
2011-06-28,11287
2011-06-29,11497
2011-06-30,12041
2011-07-01,11523
2011-07-02,11232
2011-07-03,9792
2011-07-04,10101
2011-07-05,10206
2011-07-06,11320
2011-07-07,12014
2011-07-08,11517
2011-07-09,11146
2011-07-10,11226
2011-07-11,12908
2011-07-12,12271
2011-07-13,11253
2011-07-14,13283
2011-07-15,12512
2011-07-16,11179
2011-07-17,11852
2011-07-18,11328
2011-07-19,11406
2011-07-20,12209
2011-07-21,12264
2011-07-22,13218
2011-07-23,13206
2011-07-24,13359
2011-07-25,13580
2011-07-26,15250
2011-07-27,11149
2011-07-28,12488
2011-07-29,13320
2011-07-30,11027
2011-07-31,10363
2011-08-01,11994
2011-08-02,12633
2011-08-03,11963
2011-08-04,11646
2011-08-05,11673
2011-08-06,11944
2011-08-07,13079
2011-08-08,13789
2011-08-09,18787
2011-08-10,17299
2011-08-11,13226
2011-08-12,12307
2011-08-13,15247
2011-08-14,13849
2011-08-15,15342
2011-08-16,14020
2011-08-17,14520
2011-08-18,11612
2011-08-19,11403
2011-08-20,13777
2011-08-21,12427
2011-08-22,12654
2011-08-23,13636
2011-08-24,13099
2011-08-25,13518
2011-08-26,13274
2011-08-27,13549
2011-08-28,14674
2011-08-29,15681
2011-08-30,14316
2011-08-31,14369
2011-09-01,14648
2011-09-02,15491
2011-09-03,14602
2011-09-04,13784
2011-09-05,13733
2011-09-06,13639
2011-09-07,14239
2011-09-08,13501
2011-09-09,16017
2011-09-10,19988
2011-09-11,16891
2011-09-12,29362
2011-09-13,21741
2011-09-14,13485
2011-09-15,12870
2011-09-16,12920
2011-09-17,15031
2011-09-18,17947
2011-09-19,16410
2011-09-20,14268
2011-09-21,12578
2011-09-22,14530
2011-09-23,14393
2011-09-24,13393
2011-09-25,14038
2011-09-26,13085
2011-09-27,15442
2011-09-28,14910
2011-09-29,14869
2011-09-30,13840
2011-10-01,14605
2011-10-02,12409
2011-10-03,16953
2011-10-04,19310
2011-10-05,12086
2011-10-06,13641
2011-10-07,13906
2011-10-08,13862
2011-10-09,12004
2011-10-10,13530
2011-10-11,13308
2011-10-12,13947
2011-10-13,12839
2011-10-14,13586
2011-10-15,13754
2011-10-16,13194
2011-10-17,13413
2011-10-18,17397
2011-10-19,14682
2011-10-20,13199
2011-10-21,12900
2011-10-22,12069
2011-10-23,12875
2011-10-24,14755
2011-10-25,13327
2011-10-26,13473
2011-10-27,12391
2011-10-28,12053
2011-10-29,14413
2011-10-30,13513
2011-10-31,13384
2011-11-01,14075
2011-11-02,12548
2011-11-03,12798
2011-11-04,13332
2011-11-05,14296
2011-11-06,11632
2011-11-07,14417
2011-11-08,17058
2011-11-09,15248
2011-11-10,13409
2011-11-11,12794
2011-11-12,13744
2011-11-13,13424
2011-11-14,13478
2011-11-15,13519
2011-11-16,12855
2011-11-17,15215
2011-11-18,14677
2011-11-19,14233
2011-11-20,18795
2011-11-21,16202
2011-11-22,15251
2011-11-23,12556
2011-11-24,12391
2011-11-25,12264
2011-11-26,13871
2011-11-27,13203
2011-11-28,13715
2011-11-29,13873
2011-11-30,13293
2011-12-01,16189
2011-12-02,13174
2011-12-03,13467
2011-12-04,25324
2011-12-05,14846
2011-12-06,14207
2011-12-07,23086
2011-12-08,23498
2011-12-09,20220
2011-12-10,16821
2011-12-11,15481
2011-12-12,14893
2011-12-13,14731
2011-12-14,16126
2011-12-15,14778
2011-12-16,16679
2011-12-17,30221
2011-12-18,35538
2011-12-19,22140
2011-12-20,14499
2011-12-21,18742
2011-12-22,15544
2011-12-23,16794
2011-12-24,17077
2011-12-25,12140
2011-12-26,19104
2011-12-27,20041
2011-12-28,21616
2011-12-29,19687
2011-12-30,83547
2011-12-31,21187
2012-01-01,27607
2012-01-02,23738
2012-01-03,25970
2012-01-04,27851
2012-01-05,26574
2012-01-06,16023
2012-01-07,16086
2012-01-08,15146
2012-01-09,14428
2012-01-10,15388
2012-01-11,14588
2012-01-12,14167
2012-01-13,17061
2012-01-14,16296
2012-01-15,15141
2012-01-16,17240
2012-01-17,18802
2012-01-18,4366
2012-01-19,13960
2012-01-20,20681
2012-01-21,18893
2012-01-22,19862
2012-01-23,18154
2012-01-24,16275
2012-01-25,16273
2012-01-26,16227
2012-01-27,16420
2012-01-28,15875
2012-01-29,16382
2012-01-30,16167
2012-01-31,17016
2012-02-01,19060
2012-02-02,19512
2012-02-03,26212
2012-02-04,15372
2012-02-05,48366
2012-02-06,21262
2012-02-07,19072
2012-02-08,19993
2012-02-09,24780
2012-02-10,18315
2012-02-11,18080
2012-02-12,22803
2012-02-13,28779
2012-02-14,24236
2012-02-15,18023
2012-02-16,18594
2012-02-17,21516
2012-02-18,21936
2012-02-19,19948
2012-02-20,20311
2012-02-21,24291
2012-02-22,19905
2012-02-23,20093
2012-02-24,20894
2012-02-25,17911
2012-02-26,19143
2012-02-27,17035
2012-02-28,17952
2012-02-29,18577
2012-03-01,17447
2012-03-02,16443
2012-03-03,16816
2012-03-04,21454
2012-03-05,19427
2012-03-06,16377
2012-03-07,17443
2012-03-08,17169
2012-03-09,18608
2012-03-10,15637
2012-03-11,23507
2012-03-12,23634
2012-03-13,18496
2012-03-14,20135
2012-03-15,19776
2012-03-16,23962
2012-03-17,25167
2012-03-18,21877
2012-03-19,20144
2012-03-20,29137
2012-03-21,96262
2012-03-22,30322
2012-03-23,20640
2012-03-24,17462
2012-03-25,17997
2012-03-26,19922
2012-03-27,20772
2012-03-28,26858
2012-03-29,18842
2012-03-30,16255
2012-03-31,14789
2012-04-01,15835
2012-04-02,23085
2012-04-03,19219
2012-04-04,31942
2012-04-05,25981
2012-04-06,37216
2012-04-07,31366
2012-04-08,33871
2012-04-09,26135
2012-04-10,30873
2012-04-11,34707
2012-04-12,29459
2012-04-13,28278
2012-04-14,25410
2012-04-15,20235
2012-04-16,21177
2012-04-17,19188
2012-04-18,20918
2012-04-19,20514
2012-04-20,19875
2012-04-21,18432
2012-04-22,18380
2012-04-23,20901
2012-04-24,19213
2012-04-25,19417
2012-04-26,18275
2012-04-27,17925
2012-04-28,20991
2012-04-29,22366
2012-04-30,19516
2012-05-01,22303
2012-05-02,22496
2012-05-03,22605
2012-05-04,23108
2012-05-05,26691
2012-05-06,32967
2012-05-07,27655
2012-05-08,37850
2012-05-09,35226
2012-05-10,36200
2012-05-11,38034
2012-05-12,33700
2012-05-13,22308
2012-05-14,25218
2012-05-15,26785
2012-05-16,20357
2012-05-17,24577
2012-05-18,22439
2012-05-19,20339
2012-05-20,29603
2012-05-21,21326
2012-05-22,22878
2012-05-23,23146
2012-05-24,25513
2012-05-25,23467
2012-05-26,24478
2012-05-27,28839
2012-05-28,26414
2012-05-29,30452
2012-05-30,28478
2012-05-31,22651
2012-06-01,25156
2012-06-02,23445
2012-06-03,25332
2012-06-04,24343
2012-06-05,25116
2012-06-06,21628
2012-06-07,25683
2012-06-08,21121
2012-06-09,22235
2012-06-10,27206
2012-06-11,23945
2012-06-12,24957
2012-06-13,24277
2012-06-14,23422
2012-06-15,28523
2012-06-16,23766
2012-06-17,22536
2012-06-18,23700
2012-06-19,23502
2012-06-20,25799
2012-06-21,29732
2012-06-22,27268
2012-06-23,22473
2012-06-24,22760
2012-06-25,22743
2012-06-26,23134
2012-06-27,22474
2012-06-28,23194
2012-06-29,21861
2012-06-30,18466
2012-07-01,19712
2012-07-02,24183
2012-07-03,26751
2012-07-04,24061
2012-07-05,23744
2012-07-06,23444
2012-07-07,22784
2012-07-08,22262
2012-07-09,25771
2012-07-10,25198
2012-07-11,23892
2012-07-12,25864
2012-07-13,33322
2012-07-14,36469
2012-07-15,61195
2012-07-16,39856
2012-07-17,29069
2012-07-18,27669
2012-07-19,27182
2012-07-20,30042
2012-07-21,29666
2012-07-22,33627
2012-07-23,30893
2012-07-24,32106
2012-07-25,26479
2012-07-26,28357
2012-07-27,31955
2012-07-28,34604
2012-07-29,46345
2012-07-30,31782
2012-07-31,29667
2012-08-01,26784
2012-08-02,28767
2012-08-03,31817
2012-08-04,34260
2012-08-05,35271
2012-08-06,34061
2012-08-07,31106
2012-08-08,30545
2012-08-09,35251
2012-08-10,31799
2012-08-11,30240
2012-08-12,29920
2012-08-13,40035
2012-08-14,30778
2012-08-15,26762
2012-08-16,30563
2012-08-17,29656
2012-08-18,28784
2012-08-19,32683
2012-08-20,34484
2012-08-21,36214
2012-08-22,37541
2012-08-23,32276
2012-08-24,31413
2012-08-25,34722
2012-08-26,38354
2012-08-27,42532
2012-08-28,40902
2012-08-29,38389
2012-08-30,42038
2012-08-31,43662
2012-09-01,41294
2012-09-02,38255
2012-09-03,48391
2012-09-04,37390
2012-09-05,38078
2012-09-06,39436
2012-09-07,42024
2012-09-08,40825
2012-09-09,40276
2012-09-10,41550
2012-09-11,42427
2012-09-12,44018
2012-09-13,65398
2012-09-14,131961
2012-09-15,144905
2012-09-16,125872
2012-09-17,156391
2012-09-18,54171
2012-09-19,46631
2012-09-20,76651
2012-09-21,49981
2012-09-22,52268
2012-09-23,47814
2012-09-24,70422
2012-09-25,54108
2012-09-26,56960
2012-09-27,79151
2012-09-28,72036
2012-09-29,62704
2012-09-30,76965
2012-10-01,72186
